{
  "epsilon1" : 0.0000000005,
  "epsilon2" : 0.0000000005, 
  "a"        : -1.0,
  "b"        : 1.0, 
  "maxIter"  : 100
}   