{
  "epsilon1" : 0.000005,
  "epsilon2" : 0.000005, 
  "a"        : 0.0,
  "b"        : 5.0, 
  "maxIter"  : 100
}   