{
  "epsilon1" : 0.0000005,
  "epsilon2" : 0.0000005, 
  "x0"       : 1.0,
  "maxIter"  : 100
}   